metric,0
impression_count,746.3301906090176
click_count,12.43863319386332
booking_count,0.12529056252905627
avg_cpc,1.141625987912589
avg_clicked_price,169.16371510925043
avg_length_of_stay,2.7159965132496495
avg_time_to_travel,40.81669223616922
hotel_rating,80.24656798011645
stars,2.860762436076244
