stars,count,min,max,median,mean
0,233,46.07,96.11,80.84,79.54815450643777
1,18,37.99,87.63,65.22,65.93388888888889
2,181,44.88,94.39,73.46,73.07298342541436
3,450,50.3,96.1,81.305,80.25562222222221
4,394,55.74,95.61,83.42,82.82606598984772
5,104,69.81,95.04,87.63499999999999,87.30394230769231
